pair_id,group
48,kappa_subset
58,kappa_subset
51,kappa_subset
13,kappa_subset
22,kappa_subset
53,annotator_A
25,annotator_A
40,annotator_A
46,annotator_A
37,annotator_A
29,annotator_A
7,annotator_A
54,annotator_A
43,annotator_A
14,annotator_A
24,annotator_A
15,annotator_A
45,annotator_B
19,annotator_B
28,annotator_B
56,annotator_B
17,annotator_B
44,annotator_B
5,annotator_B
49,annotator_B
10,annotator_B
33,annotator_B
38,annotator_B
1,annotator_B
3,annotator_B
11,kappa_subset
12,kappa_subset
26,kappa_subset
4,kappa_subset
2,kappa_subset
39,annotator_A
6,annotator_A
52,annotator_A
31,annotator_A
18,annotator_A
21,annotator_A
23,annotator_A
36,annotator_A
47,annotator_A
32,annotator_A
9,annotator_A
57,annotator_A
30,annotator_B
20,annotator_B
59,annotator_B
16,annotator_B
8,annotator_B
50,annotator_B
60,annotator_B
35,annotator_B
41,annotator_B
42,annotator_B
55,annotator_B
27,annotator_B
34,annotator_B
120,kappa_subset
98,kappa_subset
76,kappa_subset
80,kappa_subset
94,kappa_subset
118,annotator_A
95,annotator_A
105,annotator_A
70,annotator_A
88,annotator_A
96,annotator_A
89,annotator_A
78,annotator_A
108,annotator_A
103,annotator_A
91,annotator_A
72,annotator_A
112,annotator_B
113,annotator_B
79,annotator_B
92,annotator_B
117,annotator_B
99,annotator_B
73,annotator_B
111,annotator_B
67,annotator_B
82,annotator_B
77,annotator_B
116,annotator_B
63,annotator_B
107,kappa_subset
62,kappa_subset
75,kappa_subset
106,kappa_subset
84,kappa_subset
102,annotator_A
104,annotator_A
86,annotator_A
85,annotator_A
119,annotator_A
90,annotator_A
101,annotator_A
93,annotator_A
68,annotator_A
74,annotator_A
61,annotator_A
110,annotator_A
100,annotator_B
97,annotator_B
66,annotator_B
71,annotator_B
65,annotator_B
115,annotator_B
109,annotator_B
81,annotator_B
69,annotator_B
114,annotator_B
87,annotator_B
83,annotator_B
64,annotator_B
123,kappa_subset
144,kappa_subset
130,kappa_subset
127,kappa_subset
125,kappa_subset
138,annotator_A
180,annotator_A
175,annotator_A
129,annotator_A
145,annotator_A
163,annotator_A
153,annotator_A
136,annotator_A
149,annotator_A
135,annotator_A
173,annotator_A
174,annotator_A
147,annotator_B
143,annotator_B
178,annotator_B
165,annotator_B
179,annotator_B
142,annotator_B
158,annotator_B
162,annotator_B
137,annotator_B
146,annotator_B
126,annotator_B
166,annotator_B
131,annotator_B
134,kappa_subset
156,kappa_subset
177,kappa_subset
124,kappa_subset
151,kappa_subset
154,annotator_A
122,annotator_A
132,annotator_A
172,annotator_A
168,annotator_A
121,annotator_A
160,annotator_A
148,annotator_A
169,annotator_A
161,annotator_A
140,annotator_A
167,annotator_A
139,annotator_B
133,annotator_B
152,annotator_B
150,annotator_B
176,annotator_B
128,annotator_B
157,annotator_B
170,annotator_B
159,annotator_B
164,annotator_B
171,annotator_B
141,annotator_B
155,annotator_B
223,kappa_subset
211,kappa_subset
196,kappa_subset
229,kappa_subset
237,kappa_subset
205,annotator_A
226,annotator_A
222,annotator_A
209,annotator_A
193,annotator_A
191,annotator_A
200,annotator_A
188,annotator_A
231,annotator_A
238,annotator_A
192,annotator_A
186,annotator_A
221,annotator_B
234,annotator_B
198,annotator_B
182,annotator_B
236,annotator_B
207,annotator_B
212,annotator_B
185,annotator_B
232,annotator_B
195,annotator_B
218,annotator_B
239,annotator_B
201,annotator_B
215,kappa_subset
227,kappa_subset
208,kappa_subset
240,kappa_subset
197,kappa_subset
220,annotator_A
233,annotator_A
235,annotator_A
214,annotator_A
219,annotator_A
228,annotator_A
194,annotator_A
190,annotator_A
216,annotator_A
230,annotator_A
184,annotator_A
183,annotator_A
202,annotator_B
217,annotator_B
187,annotator_B
181,annotator_B
224,annotator_B
225,annotator_B
204,annotator_B
199,annotator_B
213,annotator_B
206,annotator_B
189,annotator_B
203,annotator_B
210,annotator_B
