pair_id,ethnicity,image1_path,image2_path,ground_truth_label,prompt_variant,prompt_text,model_output,inference_time_seconds,timestamp,error,error_message
1,African,/kaggle/input/datasets/chidroopakanaparthy/rfw-clean-400x400/data/African/m.03yj4sd/m.03yj4sd_0002.jpg,/kaggle/input/datasets/chidroopakanaparthy/rfw-clean-400x400/data/African/m.03yj4sd/m.03yj4sd_0004.jpg,genuine,1,Look at these two face images. Do they show the same person? Give your answer (Same Person / Different People) and then explain the specific facial features that support your conclusion.Answer with Yes or No and provide a brief reason.,"Yes, Same Person

The two images appear to show the same person based on the consistent facial features such as the shape of the nose, the eyes, and the overall structure of the face. The slight differences in expression and the angle of the head suggest that these are different moments captured of the same individual.",5.171,2026-08-11T15:56:50Z,False,
1,African,/kaggle/input/datasets/chidroopakanaparthy/rfw-clean-400x400/data/African/m.03yj4sd/m.03yj4sd_0002.jpg,/kaggle/input/datasets/chidroopakanaparthy/rfw-clean-400x400/data/African/m.03yj4sd/m.03yj4sd_0004.jpg,genuine,2,"Look carefully at Image 1 and Image 2. Step 1: Describe the key facial features you observe in each image (e.g. face shape, eye region, nose, mouth, skin tone, hair). Step 2: Compare the features across both images and note similarities and differences. Step 3: Based on your analysis, decide whether the two faces belong to the same person and state your final answer as Yes or No.","Step 1: In Image 1, the individual has a medium-length haircut, a straight nose, and a neutral expression with closed lips. The skin appears smooth, and the eyes are not visible due to the angle of the shot. In Image 2, the individual also has a medium-length haircut, a similar nose, and a slightly open mouth, revealing teeth, which suggests a different expression compared to Image 1. The skin tone is consistent between the two images.

Step 2: Both images share the same hairstyle, nose structure, and skin tone. However, there is a noticeable difference in the mouth's position and the presence of teeth in Image 2, indicating a change in expression.

Step 3: Based on the consistent features such as the hairstyle, nose, and skin tone, along with the similarity in facial structure, it is reasonable to conclude that these images depict the same person. The slight difference in expression does not negate the overall similarity in facial features.

Final Answer: Yes, the two faces likely belong to the same person.",16.374,2026-08-11T15:56:55Z,False,
2,African,/kaggle/input/datasets/chidroopakanaparthy/rfw-clean-400x400/data/African/m.03d2bw/m.03d2bw_0004.jpg,/kaggle/input/datasets/chidroopakanaparthy/rfw-clean-400x400/data/African/m.0415m0d/m.0415m0d_0001.jpg,impostor,1,Look at these two face images. Do they show the same person? Give your answer (Same Person / Different People) and then explain the specific facial features that support your conclusion.Answer with Yes or No and provide a brief reason.,"No, the two faces do not appear to be the same person. The first image shows a man with short hair and a beard, while the second image shows a different individual with longer hair and a different facial structure.",3.822,2026-08-11T15:57:11Z,False,
2,African,/kaggle/input/datasets/chidroopakanaparthy/rfw-clean-400x400/data/African/m.03d2bw/m.03d2bw_0004.jpg,/kaggle/input/datasets/chidroopakanaparthy/rfw-clean-400x400/data/African/m.0415m0d/m.0415m0d_0001.jpg,impostor,2,"Look carefully at Image 1 and Image 2. Step 1: Describe the key facial features you observe in each image (e.g. face shape, eye region, nose, mouth, skin tone, hair). Step 2: Compare the features across both images and note similarities and differences. Step 3: Based on your analysis, decide whether the two faces belong to the same person and state your final answer as Yes or No.","Step 1: In Image 1, the individual has a broad forehead, a strong jawline, and a straight nose. The eyes appear to be of medium size with a neutral expression. The skin tone is dark, and the hair is short and closely cropped. In Image 2, the individual also has a broad forehead, a strong jawline, and a straight nose. The eyes are of medium size, and the expression appears calm. The skin tone is dark, and the hair is long and styled in a way that frames the face.

Step 2: Both individuals share similar facial features such as the broad forehead, strong jawline, straight nose, and medium-sized eyes. The skin tone is also consistent between the two images. However, there are differences in the hair length and style; one has short hair while the other has long hair.

Step 3: Based on the similarities in facial features and skin tone, it is reasonable to conclude that these two images depict the same person. Therefore, the answer is Yes.",16.103,2026-08-11T15:57:15Z,False,
3,African,/kaggle/input/datasets/chidroopakanaparthy/rfw-clean-400x400/data/African/m.026_m72/m.026_m72_0001.jpg,/kaggle/input/datasets/chidroopakanaparthy/rfw-clean-400x400/data/African/m.026_m72/m.026_m72_0003.jpg,genuine,1,Look at these two face images. Do they show the same person? Give your answer (Same Person / Different People) and then explain the specific facial features that support your conclusion.Answer with Yes or No and provide a brief reason.,"Yes, Same Person

The two images appear to show the same person based on the consistent facial features such as the short hair style, the shape of the nose, and the overall facial structure. The slight differences in expression and background suggest that these might be different moments captured of the same individual.",4.835,2026-08-11T15:57:31Z,False,
3,African,/kaggle/input/datasets/chidroopakanaparthy/rfw-clean-400x400/data/African/m.026_m72/m.026_m72_0001.jpg,/kaggle/input/datasets/chidroopakanaparthy/rfw-clean-400x400/data/African/m.026_m72/m.026_m72_0003.jpg,genuine,2,"Look carefully at Image 1 and Image 2. Step 1: Describe the key facial features you observe in each image (e.g. face shape, eye region, nose, mouth, skin tone, hair). Step 2: Compare the features across both images and note similarities and differences. Step 3: Based on your analysis, decide whether the two faces belong to the same person and state your final answer as Yes or No.","Step 1: In Image 1, the individual has a short haircut, a straight nose, and a neutral expression with slightly parted lips. The skin appears dark, and the eyes are not clearly visible due to the angle of the photo. In Image 2, the individual also has a short haircut, a straight nose, and a smile revealing teeth. The skin is dark, and the eyes are open and looking directly at the camera.

Step 2: Both individuals share similar facial features such as the short haircut, straight nose, and dark skin tone. However, there are differences in their expressions; one is neutral while the other is smiling. The eyes are more visible in Image 2 than in Image 1.

Step 3: Based on the similarities in facial features and the context that they appear to be the same person, the answer is Yes, these two faces likely belong to the same person.",14.034,2026-08-11T15:57:36Z,False,
4,African,/kaggle/input/datasets/chidroopakanaparthy/rfw-clean-400x400/data/African/m.0415z12/m.0415z12_0001.jpg,/kaggle/input/datasets/chidroopakanaparthy/rfw-clean-400x400/data/African/m.0415z12/m.0415z12_0002.jpg,genuine,1,Look at these two face images. Do they show the same person? Give your answer (Same Person / Different People) and then explain the specific facial features that support your conclusion.Answer with Yes or No and provide a brief reason.,"Yes, Same Person

The two images share similar facial features such as the shape of the nose, the eyes, and the mouth. The overall structure of the face is consistent between the two images, supporting the conclusion that they depict the same individual.",4.172,2026-08-11T15:57:50Z,False,
4,African,/kaggle/input/datasets/chidroopakanaparthy/rfw-clean-400x400/data/African/m.0415z12/m.0415z12_0001.jpg,/kaggle/input/datasets/chidroopakanaparthy/rfw-clean-400x400/data/African/m.0415z12/m.0415z12_0002.jpg,genuine,2,"Look carefully at Image 1 and Image 2. Step 1: Describe the key facial features you observe in each image (e.g. face shape, eye region, nose, mouth, skin tone, hair). Step 2: Compare the features across both images and note similarities and differences. Step 3: Based on your analysis, decide whether the two faces belong to the same person and state your final answer as Yes or No.","Step 1: In Image 1, the individual has a round face with prominent cheekbones, a wide nose, and a slightly open mouth showing teeth. The skin appears dark, and they wear aviator goggles and a red outfit. Their hair is not visible due to the goggles.

In Image 2, the individual has a rectangular face with a straight nose, a closed mouth, and a neutral expression. The skin tone is also dark, and they have braided hair under a black beanie. There are visible tattoos on their neck and arm.

Step 2: Both individuals share a similar skin tone, which suggests they might be of the same ethnicity. However, there are noticeable differences in their facial structures, such as the roundness of the face in Image 1 versus the rectangular shape in Image 2. The expressions and the presence of aviator goggles in one image and a beanie in another further differentiate them.

Step 3: Based on the differences observed in the facial structure, expression, and accessories, it is unlikely that these two images depict the same person. Therefore, the answer is No.",17.18,2026-08-11T15:57:54Z,False,
5,African,/kaggle/input/datasets/chidroopakanaparthy/rfw-clean-400x400/data/African/m.0d9v9q/m.0d9v9q_0003.jpg,/kaggle/input/datasets/chidroopakanaparthy/rfw-clean-400x400/data/African/m.05c1m42/m.05c1m42_0002.jpg,impostor,1,Look at these two face images. Do they show the same person? Give your answer (Same Person / Different People) and then explain the specific facial features that support your conclusion.Answer with Yes or No and provide a brief reason.,"Yes, Same Person

The two images appear to show the same person based on the consistent facial structure, including the shape of the nose, the eyes, and the overall facial proportions. The slight differences in expression and the presence of sunglasses in one image do not change the core identity of the individual.",4.904,2026-08-11T15:58:12Z,False,
5,African,/kaggle/input/datasets/chidroopakanaparthy/rfw-clean-400x400/data/African/m.0d9v9q/m.0d9v9q_0003.jpg,/kaggle/input/datasets/chidroopakanaparthy/rfw-clean-400x400/data/African/m.05c1m42/m.05c1m42_0002.jpg,impostor,2,"Look carefully at Image 1 and Image 2. Step 1: Describe the key facial features you observe in each image (e.g. face shape, eye region, nose, mouth, skin tone, hair). Step 2: Compare the features across both images and note similarities and differences. Step 3: Based on your analysis, decide whether the two faces belong to the same person and state your final answer as Yes or No.","Step 1: In Image 1, the individual has a short haircut, dark skin tone, and is wearing a blue sports jersey. The eyes appear wide open, and the mouth is slightly open as if speaking or reacting. In Image 2, the individual also has a short haircut, dark skin tone, and is wearing sunglasses with a yellow shirt underneath. The eyes are partially covered by the sunglasses, but they seem to be looking directly at the camera.

Step 2: Both individuals share similar facial features such as the dark skin tone, short haircuts, and the general structure of their faces. However, there are differences in the expressions and accessories; one is wearing sunglasses and a yellow shirt in Image 2, while the other is not in Image 1.

Step 3: Based on the similarities in skin tone, hairstyle, and facial structure, it appears that these two images could depict the same person. However, without more context or additional images, this cannot be confirmed with absolute certainty. Therefore, my answer is:

Yes, based on the visual similarities, it seems likely that these two images show the same person.",17.446,2026-08-11T15:58:17Z,False,
6,African,/kaggle/input/datasets/chidroopakanaparthy/rfw-clean-400x400/data/African/m.03f7bn1/m.03f7bn1_0001.jpg,/kaggle/input/datasets/chidroopakanaparthy/rfw-clean-400x400/data/African/m.0b6ltmn/m.0b6ltmn_0004.jpg,impostor,1,Look at these two face images. Do they show the same person? Give your answer (Same Person / Different People) and then explain the specific facial features that support your conclusion.Answer with Yes or No and provide a brief reason.,"Yes, Same Person

The two images share similar facial features such as the shape of the nose, the eyes, and the overall structure of the face. The slight differences in hair style and accessories do not change the core identity of the individual.",4.134,2026-08-11T15:58:34Z,False,
6,African,/kaggle/input/datasets/chidroopakanaparthy/rfw-clean-400x400/data/African/m.03f7bn1/m.03f7bn1_0001.jpg,/kaggle/input/datasets/chidroopakanaparthy/rfw-clean-400x400/data/African/m.0b6ltmn/m.0b6ltmn_0004.jpg,impostor,2,"Look carefully at Image 1 and Image 2. Step 1: Describe the key facial features you observe in each image (e.g. face shape, eye region, nose, mouth, skin tone, hair). Step 2: Compare the features across both images and note similarities and differences. Step 3: Based on your analysis, decide whether the two faces belong to the same person and state your final answer as Yes or No.","Step 1: In Image 1, the individual has a short, closely cropped hairstyle with a strong jawline, a straight nose, and a neutral expression. The skin appears dark, and they are wearing sunglasses and a chain necklace. In Image 2, the individual also has a short haircut, a strong jawline, and a neutral expression. The skin is dark, and they appear to be wearing a white shirt with a red and green patterned strap visible over one shoulder.

Step 2: Both individuals share similar facial features such as the short haircut, strong jawline, and neutral expressions. The skin tone is consistent between the two images, suggesting they could be the same person. The clothing and accessories differ slightly, but this does not significantly alter the overall facial appearance.

Step 3: Based on the similarities in facial features and skin tone, it is reasonable to conclude that the two faces likely belong to the same person. Therefore, my final answer is Yes.",15.105,2026-08-11T15:58:38Z,False,
7,African,/kaggle/input/datasets/chidroopakanaparthy/rfw-clean-400x400/data/African/m.0czdp9z/m.0czdp9z_0004.jpg,/kaggle/input/datasets/chidroopakanaparthy/rfw-clean-400x400/data/African/m.02rb1jj/m.02rb1jj_0001.jpg,impostor,1,Look at these two face images. Do they show the same person? Give your answer (Same Person / Different People) and then explain the specific facial features that support your conclusion.Answer with Yes or No and provide a brief reason.,"Yes, Same Person

The two images appear to show the same person based on the consistent facial structure, including the shape of the nose, the eyes, and the overall facial proportions. The slight differences in expression and the angle of the photos do not significantly alter the core identity of the individual.",4.826,2026-08-11T15:58:53Z,False,
7,African,/kaggle/input/datasets/chidroopakanaparthy/rfw-clean-400x400/data/African/m.0czdp9z/m.0czdp9z_0004.jpg,/kaggle/input/datasets/chidroopakanaparthy/rfw-clean-400x400/data/African/m.02rb1jj/m.02rb1jj_0001.jpg,impostor,2,"Look carefully at Image 1 and Image 2. Step 1: Describe the key facial features you observe in each image (e.g. face shape, eye region, nose, mouth, skin tone, hair). Step 2: Compare the features across both images and note similarities and differences. Step 3: Based on your analysis, decide whether the two faces belong to the same person and state your final answer as Yes or No.","Step 1: In Image 1, the individual has a rectangular face shape with a straight nose, slightly open mouth, and dark skin tone. The hair is short and neatly styled. In Image 2, the individual also has a rectangular face shape, a straight nose, and a slightly open mouth. The skin tone appears similar, and the hair is short and styled similarly.

Step 2: Both images share a similar facial structure, including the rectangular face shape, straight nose, and slightly open mouth. The skin tones appear consistent between the two images, and the hairstyle is the same.

Step 3: Based on the similarities in facial structure, skin tone, and hairstyle, it is reasonable to conclude that these two images depict the same person. Therefore, the answer is Yes.",12.231,2026-08-11T15:58:58Z,False,
8,African,/kaggle/input/datasets/chidroopakanaparthy/rfw-clean-400x400/data/African/m.04cyrd5/m.04cyrd5_0003.jpg,/kaggle/input/datasets/chidroopakanaparthy/rfw-clean-400x400/data/African/m.04cyrd5/m.04cyrd5_0005.jpg,genuine,1,Look at these two face images. Do they show the same person? Give your answer (Same Person / Different People) and then explain the specific facial features that support your conclusion.Answer with Yes or No and provide a brief reason.,"Yes, Same Person

The two images appear to show the same person based on the consistent facial features such as the shape of the nose, the eyes, and the overall facial structure. The slight differences in hair and attire do not change the identity of the individual.",4.407,2026-08-11T15:59:11Z,False,
8,African,/kaggle/input/datasets/chidroopakanaparthy/rfw-clean-400x400/data/African/m.04cyrd5/m.04cyrd5_0003.jpg,/kaggle/input/datasets/chidroopakanaparthy/rfw-clean-400x400/data/African/m.04cyrd5/m.04cyrd5_0005.jpg,genuine,2,"Look carefully at Image 1 and Image 2. Step 1: Describe the key facial features you observe in each image (e.g. face shape, eye region, nose, mouth, skin tone, hair). Step 2: Compare the features across both images and note similarities and differences. Step 3: Based on your analysis, decide whether the two faces belong to the same person and state your final answer as Yes or No.","Step 1: In Image 1, the individual has a bald head, dark skin, and is wearing a white shirt. The eyes appear to be of medium size with a slightly downward gaze, and the mouth is open as if speaking. In Image 2, the individual also has dark skin, but they have short, neatly trimmed hair under a black cap with a logo. The eyes are large and expressive, and the mouth is closed.

Step 2: Both individuals share similar skin tones and facial structures, suggesting they could be from the same ethnic background. However, there are noticeable differences in their hair styles and the presence of the cap in Image 2. The expressions and the context of the images (one appears to be speaking into a microphone) might suggest different moments or situations for each photo.

Step 3: Based on the visual similarities in skin tone and facial structure, it is reasonable to hypothesize that these two images may depict the same person. However, without more information, such as a direct comparison of the same individual in both images, this cannot be confirmed with certainty. Therefore, my answer is:

No, I cannot definitively say that the two faces belong to the same person based solely on the provided images.",18.927,2026-08-11T15:59:15Z,False,
9,African,/kaggle/input/datasets/chidroopakanaparthy/rfw-clean-400x400/data/African/m.0gg1p1/m.0gg1p1_0001.jpg,/kaggle/input/datasets/chidroopakanaparthy/rfw-clean-400x400/data/African/m.0kn7cv4/m.0kn7cv4_0002.jpg,impostor,1,Look at these two face images. Do they show the same person? Give your answer (Same Person / Different People) and then explain the specific facial features that support your conclusion.Answer with Yes or No and provide a brief reason.,"Yes, Same Person

The two images appear to show the same person based on the similar facial structure, including the shape of the nose, the eyes, and the overall facial proportions. The hair color and style also seem consistent between the two images.",4.19,2026-08-11T15:59:34Z,False,
9,African,/kaggle/input/datasets/chidroopakanaparthy/rfw-clean-400x400/data/African/m.0gg1p1/m.0gg1p1_0001.jpg,/kaggle/input/datasets/chidroopakanaparthy/rfw-clean-400x400/data/African/m.0kn7cv4/m.0kn7cv4_0002.jpg,impostor,2,"Look carefully at Image 1 and Image 2. Step 1: Describe the key facial features you observe in each image (e.g. face shape, eye region, nose, mouth, skin tone, hair). Step 2: Compare the features across both images and note similarities and differences. Step 3: Based on your analysis, decide whether the two faces belong to the same person and state your final answer as Yes or No.","Step 1: In Image 1, the individual has a short, styled haircut with blonde highlights, a broad forehead, and a strong jawline. The skin appears to be dark, and the eyes are not fully visible due to the angle of the photo. The mouth is closed.

In Image 2, the individual is bald, with a slightly darker skin tone compared to Image 1. The eyes are partially visible, and the mouth is open, revealing teeth.

Step 2: Both individuals share a similar skin tone, which suggests they might be from the same ethnic background. However, their hairstyles and facial structures differ significantly. The first individual has a more defined jawline and a different hairstyle, while the second individual is bald.

Step 3: Based on the differences in hairstyle, facial structure, and expression, it is unlikely that these two images depict the same person. Therefore, my final answer is No.",14.242,2026-08-11T15:59:38Z,False,
10,African,/kaggle/input/datasets/chidroopakanaparthy/rfw-clean-400x400/data/African/m.0xsk8/m.0xsk8_0001.jpg,/kaggle/input/datasets/chidroopakanaparthy/rfw-clean-400x400/data/African/m.0xsk8/m.0xsk8_0003.jpg,genuine,1,Look at these two face images. Do they show the same person? Give your answer (Same Person / Different People) and then explain the specific facial features that support your conclusion.Answer with Yes or No and provide a brief reason.,"Yes, Same Person

The two images show the same person based on the consistent facial features such as the shape of the nose, the eyes, and the overall facial structure. The differences in attire and accessories do not change the identity of the individual.",4.191,2026-08-11T15:59:53Z,False,
10,African,/kaggle/input/datasets/chidroopakanaparthy/rfw-clean-400x400/data/African/m.0xsk8/m.0xsk8_0001.jpg,/kaggle/input/datasets/chidroopakanaparthy/rfw-clean-400x400/data/African/m.0xsk8/m.0xsk8_0003.jpg,genuine,2,"Look carefully at Image 1 and Image 2. Step 1: Describe the key facial features you observe in each image (e.g. face shape, eye region, nose, mouth, skin tone, hair). Step 2: Compare the features across both images and note similarities and differences. Step 3: Based on your analysis, decide whether the two faces belong to the same person and state your final answer as Yes or No.","Step 1: In Image 1, the individual has a round face with a prominent nose, dark skin tone, and is wearing red sunglasses and a red headdress. The mouth appears closed. In Image 2, the individual also has a round face, dark skin tone, and is wearing white clothing with red accents. The hair is styled in a large afro, and the eyes appear to be painted white.

Step 2: Both individuals share similar facial features such as the round face shape and dark skin tone. However, there are differences in their attire and hairstyles. The first individual wears a red headdress and sunglasses, while the second individual sports an afro hairstyle and white eye makeup.

Step 3: Based on the visual similarities in face shape and skin tone, it is reasonable to conclude that these two images depict the same person. Therefore, my final answer is Yes.",13.809,2026-08-11T15:59:57Z,False,
11,Asian,/kaggle/input/datasets/chidroopakanaparthy/rfw-clean-400x400/data/Asian/m.02pzprg/m.02pzprg_0003.jpg,/kaggle/input/datasets/chidroopakanaparthy/rfw-clean-400x400/data/Asian/m.02pzprg/m.02pzprg_0001.jpg,genuine,1,Look at these two face images. Do they show the same person? Give your answer (Same Person / Different People) and then explain the specific facial features that support your conclusion.Answer with Yes or No and provide a brief reason.,"Yes, Same Person

The two images appear to show the same person based on the consistent facial features such as the shape of the nose, the eyes, and the overall structure of the face. The slight differences in hair color and style, along with the different background settings, suggest that these might be taken at different times or in different contexts, but the core facial features remain the same.",6.191,2026-08-11T16:00:11Z,False,
11,Asian,/kaggle/input/datasets/chidroopakanaparthy/rfw-clean-400x400/data/Asian/m.02pzprg/m.02pzprg_0003.jpg,/kaggle/input/datasets/chidroopakanaparthy/rfw-clean-400x400/data/Asian/m.02pzprg/m.02pzprg_0001.jpg,genuine,2,"Look carefully at Image 1 and Image 2. Step 1: Describe the key facial features you observe in each image (e.g. face shape, eye region, nose, mouth, skin tone, hair). Step 2: Compare the features across both images and note similarities and differences. Step 3: Based on your analysis, decide whether the two faces belong to the same person and state your final answer as Yes or No.","Step 1: In Image 1, the individual has a rectangular face shape with a straight nose, medium-sized eyes, and a closed mouth. The skin appears light, and there is short dark hair. In Image 2, the individual also has a rectangular face shape, a straight nose, medium-sized eyes, and a closed mouth. The skin appears light, and there is short dark hair.

Step 2: Both individuals share similar facial features such as the rectangular face shape, straight nose, medium-sized eyes, and closed mouth. The hair color and length appear consistent between the two images. The overall appearance suggests they could be the same person.

Step 3: Based on the similarities in facial features and the consistency of the hair style and color, it is reasonable to conclude that the two faces likely belong to the same person. Therefore, my final answer is Yes.",13.558,2026-08-11T16:00:17Z,False,
12,Asian,/kaggle/input/datasets/chidroopakanaparthy/rfw-clean-400x400/data/Asian/m.0808pqz/m.0808pqz_0002.jpg,/kaggle/input/datasets/chidroopakanaparthy/rfw-clean-400x400/data/Asian/m.0bmj4vm/m.0bmj4vm_0004.jpg,impostor,1,Look at these two face images. Do they show the same person? Give your answer (Same Person / Different People) and then explain the specific facial features that support your conclusion.Answer with Yes or No and provide a brief reason.,"No

The two images do not show the same person. The first image is a drawing, while the second is a photograph of a real person. Additionally, the style and context of each image are different, with the first being a stylized portrait and the second being a candid shot.",4.76,2026-08-11T16:00:30Z,False,
12,Asian,/kaggle/input/datasets/chidroopakanaparthy/rfw-clean-400x400/data/Asian/m.0808pqz/m.0808pqz_0002.jpg,/kaggle/input/datasets/chidroopakanaparthy/rfw-clean-400x400/data/Asian/m.0bmj4vm/m.0bmj4vm_0004.jpg,impostor,2,"Look carefully at Image 1 and Image 2. Step 1: Describe the key facial features you observe in each image (e.g. face shape, eye region, nose, mouth, skin tone, hair). Step 2: Compare the features across both images and note similarities and differences. Step 3: Based on your analysis, decide whether the two faces belong to the same person and state your final answer as Yes or No.","Step 1: In Image 1, the individual has a fair complexion with a sharp jawline, a straight nose, and a neutral expression. The hair is styled in a modern, textured manner. In Image 2, the individual also has a fair complexion, a slightly rounded face shape, a straight nose, and a cheerful smile. The hair is styled in a neat, layered cut.

Step 2: Both individuals share similar facial features such as the fair skin tone, straight noses, and the overall clean-shaven look. However, there are differences in their expressions; one appears more serious while the other is smiling. The hair styles are distinct, with one having a more textured style and the other a neatly styled cut.

Step 3: Based on the analysis of the facial features and expressions, it does not appear that these two images depict the same person. Therefore, the answer is No.",13.997,2026-08-11T16:00:35Z,False,
13,Asian,/kaggle/input/datasets/chidroopakanaparthy/rfw-clean-400x400/data/Asian/m.0hndjcv/m.0hndjcv_0002.jpg,/kaggle/input/datasets/chidroopakanaparthy/rfw-clean-400x400/data/Asian/m.046x06/m.046x06_0001.jpg,impostor,1,Look at these two face images. Do they show the same person? Give your answer (Same Person / Different People) and then explain the specific facial features that support your conclusion.Answer with Yes or No and provide a brief reason.,"Yes, Same Person

The two images appear to show the same person based on the consistent facial structure, including the shape of the eyes, nose, and mouth, as well as the hair style and overall facial proportions.",3.764,2026-08-11T16:00:49Z,False,
13,Asian,/kaggle/input/datasets/chidroopakanaparthy/rfw-clean-400x400/data/Asian/m.0hndjcv/m.0hndjcv_0002.jpg,/kaggle/input/datasets/chidroopakanaparthy/rfw-clean-400x400/data/Asian/m.046x06/m.046x06_0001.jpg,impostor,2,"Look carefully at Image 1 and Image 2. Step 1: Describe the key facial features you observe in each image (e.g. face shape, eye region, nose, mouth, skin tone, hair). Step 2: Compare the features across both images and note similarities and differences. Step 3: Based on your analysis, decide whether the two faces belong to the same person and state your final answer as Yes or No.","Step 1: In Image 1, the individual has a medium-sized head with a slightly oval-shaped face. The eyes appear to be of average size, with a neutral expression. The nose is straight and medium-sized, and the mouth is closed. The skin appears smooth, and the hair is dark and short. In Image 2, the individual also has a medium-sized head with a similar oval-shaped face. The eyes are of average size, and the expression seems calm. The nose is straight and medium-sized, and the mouth is closed. The skin appears smooth, and the hair is dark and short.

Step 2: Both images share a consistent appearance in terms of facial structure, such as the face shape, eye size, nose shape, and mouth position. The hair color and length seem to be the same in both images. The overall impression suggests that these are taken from the same person.

Step 3: Based on the similarities observed in the facial features and the consistency between the two images, it can be concluded that the two faces likely belong to the same person. Therefore, the answer is Yes.",17.211,2026-08-11T16:00:53Z,False,
14,Asian,/kaggle/input/datasets/chidroopakanaparthy/rfw-clean-400x400/data/Asian/m.0fpgktc/m.0fpgktc_0002.jpg,/kaggle/input/datasets/chidroopakanaparthy/rfw-clean-400x400/data/Asian/m.0bw148/m.0bw148_0002.jpg,impostor,1,Look at these two face images. Do they show the same person? Give your answer (Same Person / Different People) and then explain the specific facial features that support your conclusion.Answer with Yes or No and provide a brief reason.,"Yes, Same Person

The two images appear to show the same person based on the consistent facial features such as the shape of the nose, the eyes, and the overall structure of the face. The earrings also seem to be the same in both images, which further supports the conclusion that they depict the same individual.",5.128,2026-08-11T16:01:10Z,False,
14,Asian,/kaggle/input/datasets/chidroopakanaparthy/rfw-clean-400x400/data/Asian/m.0fpgktc/m.0fpgktc_0002.jpg,/kaggle/input/datasets/chidroopakanaparthy/rfw-clean-400x400/data/Asian/m.0bw148/m.0bw148_0002.jpg,impostor,2,"Look carefully at Image 1 and Image 2. Step 1: Describe the key facial features you observe in each image (e.g. face shape, eye region, nose, mouth, skin tone, hair). Step 2: Compare the features across both images and note similarities and differences. Step 3: Based on your analysis, decide whether the two faces belong to the same person and state your final answer as Yes or No.","Step 1: Observations of Key Facial Features:
- **Image 1:** The individual has a rounded face with a prominent forehead, medium-sized eyes, a straight nose, and a wide, open smile revealing teeth. The skin appears smooth, and the hair is dark brown and styled in loose waves.
- **Image 2:** This individual also has a rounded face, medium-sized eyes, a straight nose, and a closed-mouth expression. The skin tone seems slightly darker than in Image 1, and the hair is dark brown and falls loosely around the shoulders.

Step 2: Comparing Features:
- Both individuals share similar facial proportions, particularly the roundness of their faces and the positioning of their eyes and nose.
- The hair color and style appear consistent between the two images.
- The skin tones differ slightly, but this could be due to lighting conditions rather than a significant difference in natural skin tone.

Step 3: Decision:
Based on the similarities in facial structure, hair, and overall appearance, it is reasonable to conclude that these two images likely depict the same person. Therefore, my final answer is:

Yes.",17.512,2026-08-11T16:01:16Z,False,
15,Asian,/kaggle/input/datasets/chidroopakanaparthy/rfw-clean-400x400/data/Asian/m.03m9myz/m.03m9myz_0001.jpg,/kaggle/input/datasets/chidroopakanaparthy/rfw-clean-400x400/data/Asian/m.03chcb/m.03chcb_0001.jpg,impostor,1,Look at these two face images. Do they show the same person? Give your answer (Same Person / Different People) and then explain the specific facial features that support your conclusion.Answer with Yes or No and provide a brief reason.,"Yes, Same Person

The two images show the same person based on the consistent facial features such as the shape of the nose, the eyes, and the overall structure of the face. The slight differences in hair color and style, along with the change in attire, suggest that these images were taken at different times but depict the same individual.",5.724,2026-08-11T16:01:33Z,False,
15,Asian,/kaggle/input/datasets/chidroopakanaparthy/rfw-clean-400x400/data/Asian/m.03m9myz/m.03m9myz_0001.jpg,/kaggle/input/datasets/chidroopakanaparthy/rfw-clean-400x400/data/Asian/m.03chcb/m.03chcb_0001.jpg,impostor,2,"Look carefully at Image 1 and Image 2. Step 1: Describe the key facial features you observe in each image (e.g. face shape, eye region, nose, mouth, skin tone, hair). Step 2: Compare the features across both images and note similarities and differences. Step 3: Based on your analysis, decide whether the two faces belong to the same person and state your final answer as Yes or No.","Step 1: Observations of Key Facial Features:
- **Image 1:** The individual has a rectangular face shape with a straight nose, medium-sized eyes, and a closed mouth. The skin appears smooth, and the hair is short and dark.
- **Image 2:** This individual also has a rectangular face shape, similar to the first one, with a straight nose, medium-sized eyes, and a closed mouth. The skin appears smooth, and the hair is short and dark.

Step 2: Comparing Features:
- Both individuals share a similar face shape, nose structure, and hair color and length.
- The eyes appear to be of a similar size and shape.
- The mouth is closed in both images, which makes it difficult to assess any differences in lip shape or size.

Step 3: Based on the analysis, the two faces appear to belong to the same person. The similarities in facial features, including the face shape, nose, eyes, and hair, strongly suggest that these are different angles or moments of the same individual. Therefore, my final answer is:

Yes.",16.993,2026-08-11T16:01:39Z,False,
16,Asian,/kaggle/input/datasets/chidroopakanaparthy/rfw-clean-400x400/data/Asian/m.0c8lw7/m.0c8lw7_0005.jpg,/kaggle/input/datasets/chidroopakanaparthy/rfw-clean-400x400/data/Asian/m.0c8lw7/m.0c8lw7_0003.jpg,genuine,1,Look at these two face images. Do they show the same person? Give your answer (Same Person / Different People) and then explain the specific facial features that support your conclusion.Answer with Yes or No and provide a brief reason.,"Yes, Same Person

The two images appear to show the same person based on the consistent facial features such as the shape of the nose, the eyes, and the overall structure of the face. The slight differences in expression and background do not change the identity of the individual.",4.558,2026-08-11T16:01:56Z,False,
16,Asian,/kaggle/input/datasets/chidroopakanaparthy/rfw-clean-400x400/data/Asian/m.0c8lw7/m.0c8lw7_0005.jpg,/kaggle/input/datasets/chidroopakanaparthy/rfw-clean-400x400/data/Asian/m.0c8lw7/m.0c8lw7_0003.jpg,genuine,2,"Look carefully at Image 1 and Image 2. Step 1: Describe the key facial features you observe in each image (e.g. face shape, eye region, nose, mouth, skin tone, hair). Step 2: Compare the features across both images and note similarities and differences. Step 3: Based on your analysis, decide whether the two faces belong to the same person and state your final answer as Yes or No.","Step 1: In Image 1, the individual has a medium-sized head with a slightly rounded face shape. The eyes appear to be of average size, with a neutral expression. The nose is medium-sized and straight, while the mouth is closed in a neutral position. The skin appears light-colored, and there's visible hair that is short and dark. 

In Image 2, the individual also has a medium-sized head with a rounded face shape. The eyes are of similar size to those in Image 1, with a neutral expression. The nose is medium-sized and straight, and the mouth is closed in a neutral position. The skin appears light-colored, and there's visible hair that is short and dark.

Step 2: Comparing the two images, the similarities include the face shape, eye size, nose structure, mouth position, skin tone, and hair color. The differences are minimal; the expressions seem slightly different, but this could be due to the angle of the photos or the moment captured.

Step 3: Based on the similarities in facial features and the lack of significant differences, it is reasonable to conclude that the two faces likely belong to the same person. Therefore, my final answer is Yes.",18.713,2026-08-11T16:02:00Z,False,
17,Asian,/kaggle/input/datasets/chidroopakanaparthy/rfw-clean-400x400/data/Asian/m.0r4xp0m/m.0r4xp0m_0002.jpg,/kaggle/input/datasets/chidroopakanaparthy/rfw-clean-400x400/data/Asian/m.0j63nd5/m.0j63nd5_0004.jpg,impostor,1,Look at these two face images. Do they show the same person? Give your answer (Same Person / Different People) and then explain the specific facial features that support your conclusion.Answer with Yes or No and provide a brief reason.,"No, the two images do not show the same person. The first image shows a woman with long hair and a white earring, while the second image shows a man with short hair and a crown graphic. The differences in gender, hairstyle, and accessories are significant enough to conclude that these are different people.",5.036,2026-08-11T16:02:19Z,False,
17,Asian,/kaggle/input/datasets/chidroopakanaparthy/rfw-clean-400x400/data/Asian/m.0r4xp0m/m.0r4xp0m_0002.jpg,/kaggle/input/datasets/chidroopakanaparthy/rfw-clean-400x400/data/Asian/m.0j63nd5/m.0j63nd5_0004.jpg,impostor,2,"Look carefully at Image 1 and Image 2. Step 1: Describe the key facial features you observe in each image (e.g. face shape, eye region, nose, mouth, skin tone, hair). Step 2: Compare the features across both images and note similarities and differences. Step 3: Based on your analysis, decide whether the two faces belong to the same person and state your final answer as Yes or No.","Step 1: In Image 1, the individual has a fair complexion, straight hair with a side parting, and is wearing a white top. The eyes appear to be closed, and the mouth is slightly open. The nose is medium-sized and straight.

In Image 2, the individual also has a fair complexion, but their hair appears to be styled differently, with a more voluminous look and a side parting. The eyes are open, and the mouth is closed. The nose is similar in size and shape to the first individual's nose.

Step 2: Both individuals share a fair complexion and a similar nose structure. However, there are noticeable differences in hair style and eye position. The hair in Image 2 is styled differently and appears more voluminous, while the eyes in Image 1 are closed, whereas in Image 2 they are open.

Step 3: Based on the differences observed in hair style and eye position, it is unlikely that these two images depict the same person. Therefore, my final answer is No.",16.155,2026-08-11T16:02:24Z,False,
18,Asian,/kaggle/input/datasets/chidroopakanaparthy/rfw-clean-400x400/data/Asian/m.03wj9_5/m.03wj9_5_0001.jpg,/kaggle/input/datasets/chidroopakanaparthy/rfw-clean-400x400/data/Asian/m.03wj9_5/m.03wj9_5_0003.jpg,genuine,1,Look at these two face images. Do they show the same person? Give your answer (Same Person / Different People) and then explain the specific facial features that support your conclusion.Answer with Yes or No and provide a brief reason.,"Yes, Same Person

The two images show the same person based on the consistent facial features such as the hairstyle, eye shape, and overall facial structure. The slight differences in hair color and the angle of the photos do not change the identity of the individual.",4.352,2026-08-11T16:02:40Z,False,
18,Asian,/kaggle/input/datasets/chidroopakanaparthy/rfw-clean-400x400/data/Asian/m.03wj9_5/m.03wj9_5_0001.jpg,/kaggle/input/datasets/chidroopakanaparthy/rfw-clean-400x400/data/Asian/m.03wj9_5/m.03wj9_5_0003.jpg,genuine,2,"Look carefully at Image 1 and Image 2. Step 1: Describe the key facial features you observe in each image (e.g. face shape, eye region, nose, mouth, skin tone, hair). Step 2: Compare the features across both images and note similarities and differences. Step 3: Based on your analysis, decide whether the two faces belong to the same person and state your final answer as Yes or No.","Step 1: In Image 1, the individual has a short haircut with a slightly tousled appearance, a medium-sized nose, and a closed mouth. The skin appears smooth, and the eyes are partially visible. In Image 2, the individual also has a short haircut, but it is styled differently, with more volume and a reddish tint. The nose is similar in size, and the mouth is closed. The skin tone seems consistent with Image 1, and the eyes are not visible.

Step 2: Both individuals share a similar face shape, with a rounded jawline and a medium-sized nose. Their haircuts are short, though one is more styled than the other. The skin tones appear to be the same, and their mouths are closed in both images. However, there are slight differences in the hair color and style between the two images.

Step 3: Based on the similarities in face shape, nose size, and skin tone, along with the consistent mouth position, it is reasonable to conclude that these two images depict the same person. Therefore, my final answer is Yes.",17.018,2026-08-11T16:02:45Z,False,
19,Asian,/kaggle/input/datasets/chidroopakanaparthy/rfw-clean-400x400/data/Asian/m.02z0r7w/m.02z0r7w_0001.jpg,/kaggle/input/datasets/chidroopakanaparthy/rfw-clean-400x400/data/Asian/m.02z0r7w/m.02z0r7w_0002.jpg,genuine,1,Look at these two face images. Do they show the same person? Give your answer (Same Person / Different People) and then explain the specific facial features that support your conclusion.Answer with Yes or No and provide a brief reason.,"Yes, Same Person

The two images appear to show the same person based on the consistent facial features such as the shape of the nose, the eyes, and the overall facial structure. The slight differences in expression and the angle of the head suggest that these are different moments captured during the same event, likely a baseball game given the attire.",5.504,2026-08-11T16:03:02Z,False,
19,Asian,/kaggle/input/datasets/chidroopakanaparthy/rfw-clean-400x400/data/Asian/m.02z0r7w/m.02z0r7w_0001.jpg,/kaggle/input/datasets/chidroopakanaparthy/rfw-clean-400x400/data/Asian/m.02z0r7w/m.02z0r7w_0002.jpg,genuine,2,"Look carefully at Image 1 and Image 2. Step 1: Describe the key facial features you observe in each image (e.g. face shape, eye region, nose, mouth, skin tone, hair). Step 2: Compare the features across both images and note similarities and differences. Step 3: Based on your analysis, decide whether the two faces belong to the same person and state your final answer as Yes or No.","Step 1: In Image 1, the individual has a broad forehead, a straight nose, and a closed mouth. The skin appears to be light-toned, and there is no visible hair. In Image 2, the individual also has a broad forehead, a straight nose, and a closed mouth. The skin tone seems similar to that of Image 1, and there is no visible hair.

Step 2: Both images share the same facial features—broad forehead, straight nose, and closed mouth. The skin tone and lack of visible hair are consistent between the two images.

Step 3: Based on the similarity in facial features, skin tone, and lack of visible hair, it is reasonable to conclude that these two images depict the same person. Therefore, the answer is Yes.",12.484,2026-08-11T16:03:08Z,False,
20,Asian,/kaggle/input/datasets/chidroopakanaparthy/rfw-clean-400x400/data/Asian/m.03c62bf/m.03c62bf_0002.jpg,/kaggle/input/datasets/chidroopakanaparthy/rfw-clean-400x400/data/Asian/m.03c62bf/m.03c62bf_0001.jpg,genuine,1,Look at these two face images. Do they show the same person? Give your answer (Same Person / Different People) and then explain the specific facial features that support your conclusion.Answer with Yes or No and provide a brief reason.,"Yes, Same Person

The two images appear to show the same person based on the consistent facial structure, hair style, and overall appearance. The hair color and cut, as well as the general facial shape, suggest it is the same individual in both photos.",4.357,2026-08-11T16:03:20Z,False,
20,Asian,/kaggle/input/datasets/chidroopakanaparthy/rfw-clean-400x400/data/Asian/m.03c62bf/m.03c62bf_0002.jpg,/kaggle/input/datasets/chidroopakanaparthy/rfw-clean-400x400/data/Asian/m.03c62bf/m.03c62bf_0001.jpg,genuine,2,"Look carefully at Image 1 and Image 2. Step 1: Describe the key facial features you observe in each image (e.g. face shape, eye region, nose, mouth, skin tone, hair). Step 2: Compare the features across both images and note similarities and differences. Step 3: Based on your analysis, decide whether the two faces belong to the same person and state your final answer as Yes or No.","Step 1: In Image 1, the individual has a round face with a small nose, medium-sized eyes, and a closed mouth. The hair is short and styled with bangs. The skin appears light-toned. In Image 2, the individual also has a round face, medium-sized eyes, and a small nose. The mouth is slightly open, revealing teeth. The hair is longer and tied up, and the skin tone seems similar to that of Image 1.

Step 2: Both images share a round face shape, medium-sized eyes, and a small nose. The skin tones appear consistent between the two images. However, there are differences in the hairstyle and the expression of the mouth.

Step 3: Based on the similarities in face shape, eye size, nose size, and skin tone, along with the consistency in the overall appearance, it is reasonable to conclude that these two images likely depict the same person. Therefore, my final answer is Yes.",15.224,2026-08-11T16:03:24Z,False,
21,Caucasian,/kaggle/input/datasets/chidroopakanaparthy/rfw-clean-400x400/data/Caucasian/m.028ckg/m.028ckg_0003.jpg,/kaggle/input/datasets/chidroopakanaparthy/rfw-clean-400x400/data/Caucasian/m.0gwprg/m.0gwprg_0001.jpg,impostor,1,Look at these two face images. Do they show the same person? Give your answer (Same Person / Different People) and then explain the specific facial features that support your conclusion.Answer with Yes or No and provide a brief reason.,"No

The two images do not show the same person. The first image shows a man in military attire with a serious expression, while the second image shows a different man with a more animated expression, possibly yelling or shouting. The differences in clothing, expressions, and overall appearance suggest that these are two different individuals.",5.116,2026-08-11T16:03:40Z,False,
21,Caucasian,/kaggle/input/datasets/chidroopakanaparthy/rfw-clean-400x400/data/Caucasian/m.028ckg/m.028ckg_0003.jpg,/kaggle/input/datasets/chidroopakanaparthy/rfw-clean-400x400/data/Caucasian/m.0gwprg/m.0gwprg_0001.jpg,impostor,2,"Look carefully at Image 1 and Image 2. Step 1: Describe the key facial features you observe in each image (e.g. face shape, eye region, nose, mouth, skin tone, hair). Step 2: Compare the features across both images and note similarities and differences. Step 3: Based on your analysis, decide whether the two faces belong to the same person and state your final answer as Yes or No.","Step 1: In Image 1, the individual has a bald head with some receding hairline, a prominent nose, and a closed mouth. The skin appears to be fair, and the eyes are partially visible under the hair. The individual is wearing a military uniform with insignia.

In Image 2, the individual has short, light-colored hair, a broad nose, and an open mouth showing teeth, possibly mid-yell or speaking. The skin tone appears to be fair, and the eyes are partially visible.

Step 2: Both individuals have fair skin tones and appear to be middle-aged. However, their expressions and the context of the images are quite different. The first image seems more formal, while the second one captures a moment of emotion during what could be a sports event.

Step 3: Based on the differences in expression, context, and attire, it is unlikely that these two images depict the same person. Therefore, my final answer is No.",15.051,2026-08-11T16:03:45Z,False,
22,Caucasian,/kaggle/input/datasets/chidroopakanaparthy/rfw-clean-400x400/data/Caucasian/m.02phppl/m.02phppl_0003.jpg,/kaggle/input/datasets/chidroopakanaparthy/rfw-clean-400x400/data/Caucasian/m.09rc__/m.09rc___0001.jpg,impostor,1,Look at these two face images. Do they show the same person? Give your answer (Same Person / Different People) and then explain the specific facial features that support your conclusion.Answer with Yes or No and provide a brief reason.,"No

The two images do not show the same person. The first image shows a woman with long, light brown hair and a broad smile, while the second image shows a man with short dark hair and a serious expression. These distinct differences in gender, hairstyle, and facial expression indicate that the individuals are different people.",5.196,2026-08-11T16:04:00Z,False,
22,Caucasian,/kaggle/input/datasets/chidroopakanaparthy/rfw-clean-400x400/data/Caucasian/m.02phppl/m.02phppl_0003.jpg,/kaggle/input/datasets/chidroopakanaparthy/rfw-clean-400x400/data/Caucasian/m.09rc__/m.09rc___0001.jpg,impostor,2,"Look carefully at Image 1 and Image 2. Step 1: Describe the key facial features you observe in each image (e.g. face shape, eye region, nose, mouth, skin tone, hair). Step 2: Compare the features across both images and note similarities and differences. Step 3: Based on your analysis, decide whether the two faces belong to the same person and state your final answer as Yes or No.","Step 1: In Image 1, the individual has a round face with a broad forehead, prominent cheeks, and a wide smile revealing teeth. The eyes appear to be light-colored, and the hair is brown and shoulder-length. The skin tone appears fair.

In Image 2, the individual has a more angular face with a narrow forehead, a straight nose, and a neutral expression. The eyes are also light-colored, but the eyebrows are well-defined, and the hair is short and dark.

Step 2: Both individuals share light-colored eyes, which could suggest a possible genetic link. However, their overall facial structures, expressions, and hair colors are distinctly different.

Step 3: Based on the differences observed in the facial features, expressions, and hair color, it is unlikely that these two faces belong to the same person. Therefore, the answer is No.",13.485,2026-08-11T16:04:05Z,False,
23,Caucasian,/kaggle/input/datasets/chidroopakanaparthy/rfw-clean-400x400/data/Caucasian/m.065tmb/m.065tmb_0004.jpg,/kaggle/input/datasets/chidroopakanaparthy/rfw-clean-400x400/data/Caucasian/m.04f07rj/m.04f07rj_0002.jpg,impostor,1,Look at these two face images. Do they show the same person? Give your answer (Same Person / Different People) and then explain the specific facial features that support your conclusion.Answer with Yes or No and provide a brief reason.,"Yes, Same Person

The two images share similar facial features such as the blonde hair, the shape of the nose, and the overall facial structure. The slight differences in expression and the presence of headphones in one image do not change the identity of the individual.",4.331,2026-08-11T16:04:19Z,False,
23,Caucasian,/kaggle/input/datasets/chidroopakanaparthy/rfw-clean-400x400/data/Caucasian/m.065tmb/m.065tmb_0004.jpg,/kaggle/input/datasets/chidroopakanaparthy/rfw-clean-400x400/data/Caucasian/m.04f07rj/m.04f07rj_0002.jpg,impostor,2,"Look carefully at Image 1 and Image 2. Step 1: Describe the key facial features you observe in each image (e.g. face shape, eye region, nose, mouth, skin tone, hair). Step 2: Compare the features across both images and note similarities and differences. Step 3: Based on your analysis, decide whether the two faces belong to the same person and state your final answer as Yes or No.","Step 1: In Image 1, the individual has a fair complexion, light blonde hair styled in loose waves, and is wearing a blue top. The eyes appear to be light-colored, and the lips are painted with a neutral shade of lipstick. The nose is medium-sized and straight.

In Image 2, the individual also has a fair complexion, light blonde hair, and appears to be wearing a headset with a microphone attached. The eyes are light-colored, and the lips are not visible due to the angle and the presence of the headset. The nose is similar in size and shape to the first image.

Step 2: Both individuals share the same light blonde hair color, fair skin tone, and light-colored eyes. The noses and mouths appear to be similar in structure and size. However, there are some differences; the first image shows more of the individual's face, including the lips, while the second image focuses more on the upper part of the face, particularly around the eyes and nose.

Step 3: Based on the similarities in hair color, skin tone, eye color, and nose structure, it is reasonable to conclude that these two images likely depict the same person. Therefore, my final answer is Yes.",18.803,2026-08-11T16:04:23Z,False,
24,Caucasian,/kaggle/input/datasets/chidroopakanaparthy/rfw-clean-400x400/data/Caucasian/m.0by0n0x/m.0by0n0x_0003.jpg,/kaggle/input/datasets/chidroopakanaparthy/rfw-clean-400x400/data/Caucasian/m.0by0n0x/m.0by0n0x_0001.jpg,genuine,1,Look at these two face images. Do they show the same person? Give your answer (Same Person / Different People) and then explain the specific facial features that support your conclusion.Answer with Yes or No and provide a brief reason.,"Yes, Same Person

The two images show the same person based on the consistent facial features such as the shape of the nose, the eyes, and the mouth. The slight differences in hair color and style, along with the change in clothing, suggest that these are different moments captured of the same individual.",4.989,2026-08-11T16:04:42Z,False,
24,Caucasian,/kaggle/input/datasets/chidroopakanaparthy/rfw-clean-400x400/data/Caucasian/m.0by0n0x/m.0by0n0x_0003.jpg,/kaggle/input/datasets/chidroopakanaparthy/rfw-clean-400x400/data/Caucasian/m.0by0n0x/m.0by0n0x_0001.jpg,genuine,2,"Look carefully at Image 1 and Image 2. Step 1: Describe the key facial features you observe in each image (e.g. face shape, eye region, nose, mouth, skin tone, hair). Step 2: Compare the features across both images and note similarities and differences. Step 3: Based on your analysis, decide whether the two faces belong to the same person and state your final answer as Yes or No.","Step 1: In Image 1, the individual has a fair complexion, short brown hair, and is smiling with his teeth showing. His eyes appear to be light-colored, and he has a straight nose. The background suggests an outdoor setting near water.

In Image 2, the individual also appears to have a fair complexion, but his hair seems slightly grayer and more receding. He is wearing a yellow shirt, and his expression looks more serious or contemplative, with his mouth closed. His eyes are also light-colored, and his nose appears similar to that in Image 1.

Step 2: Both individuals share a similar facial structure, including the shape of their nose, the color of their eyes, and the general proportions of their faces. However, there are subtle differences such as the hair color and texture, and the expressions on their faces.

Step 3: Based on the similarities in facial features and the lack of any significant differences that would suggest they are different people, it is reasonable to conclude that these two images depict the same person. Therefore, my final answer is Yes.",16.915,2026-08-11T16:04:47Z,False,
25,Caucasian,/kaggle/input/datasets/chidroopakanaparthy/rfw-clean-400x400/data/Caucasian/m.09571f/m.09571f_0004.jpg,/kaggle/input/datasets/chidroopakanaparthy/rfw-clean-400x400/data/Caucasian/m.09571f/m.09571f_0001.jpg,genuine,1,Look at these two face images. Do they show the same person? Give your answer (Same Person / Different People) and then explain the specific facial features that support your conclusion.Answer with Yes or No and provide a brief reason.,"Yes, Same Person

The two images show the same person based on the consistent facial features such as the shape of the eyes, the nose, and the mouth. The hair color and style also appear to be the same in both images.",4.041,2026-08-11T16:05:04Z,False,
25,Caucasian,/kaggle/input/datasets/chidroopakanaparthy/rfw-clean-400x400/data/Caucasian/m.09571f/m.09571f_0004.jpg,/kaggle/input/datasets/chidroopakanaparthy/rfw-clean-400x400/data/Caucasian/m.09571f/m.09571f_0001.jpg,genuine,2,"Look carefully at Image 1 and Image 2. Step 1: Describe the key facial features you observe in each image (e.g. face shape, eye region, nose, mouth, skin tone, hair). Step 2: Compare the features across both images and note similarities and differences. Step 3: Based on your analysis, decide whether the two faces belong to the same person and state your final answer as Yes or No.","Step 1: In Image 1, the individual has a round face with a symmetrical appearance, light brown eyes, a small nose, and a closed-mouth smile revealing a hint of teeth. The skin appears fair, and the hair is short and neatly styled. In Image 2, the individual also has a round face, but the eyes appear slightly larger and more expressive, the nose is smaller, and the mouth is open, showing teeth. The skin tone seems similar, and the hair is styled similarly.

Step 2: Both individuals share a round face shape, light skin tone, and short hair. However, there are differences in the expression and the details of the facial features such as the size and shape of the eyes and the openness of the mouth.

Step 3: Based on the similarities in face shape, skin tone, and hairstyle, along with the differences in expression and detail, it is reasonable to conclude that these two images likely depict the same person at different ages or in different contexts. Therefore, my final answer is Yes.",16.132,2026-08-11T16:05:08Z,False,
26,Caucasian,/kaggle/input/datasets/chidroopakanaparthy/rfw-clean-400x400/data/Caucasian/m.055lvl/m.055lvl_0003.jpg,/kaggle/input/datasets/chidroopakanaparthy/rfw-clean-400x400/data/Caucasian/m.055lvl/m.055lvl_0001.jpg,genuine,1,Look at these two face images. Do they show the same person? Give your answer (Same Person / Different People) and then explain the specific facial features that support your conclusion.Answer with Yes or No and provide a brief reason.,"Yes, Same Person

The two images appear to show the same person based on the similar facial structure, including the shape of the nose, the eyes, and the overall jawline. The slight differences in expression and the baseball caps with different logos suggest that these might be from different times or teams, but the core facial features remain consistent.",5.478,2026-08-11T16:05:24Z,False,
26,Caucasian,/kaggle/input/datasets/chidroopakanaparthy/rfw-clean-400x400/data/Caucasian/m.055lvl/m.055lvl_0003.jpg,/kaggle/input/datasets/chidroopakanaparthy/rfw-clean-400x400/data/Caucasian/m.055lvl/m.055lvl_0001.jpg,genuine,2,"Look carefully at Image 1 and Image 2. Step 1: Describe the key facial features you observe in each image (e.g. face shape, eye region, nose, mouth, skin tone, hair). Step 2: Compare the features across both images and note similarities and differences. Step 3: Based on your analysis, decide whether the two faces belong to the same person and state your final answer as Yes or No.","Step 1: In Image 1, the individual has a square-shaped face with prominent cheekbones, a straight nose, and a neutral expression. The skin appears fair, and there is no visible hair. In Image 2, the individual also has a square-shaped face, but with slightly more rounded cheeks and a similar straight nose. The skin tone seems similar to that of Image 1, and there is no visible hair.

Step 2: Both individuals share a similar facial structure, including the square face shape, straight nose, and lack of visible hair. However, there are subtle differences in the cheekbones and the overall facial proportions.

Step 3: Based on the similarities in facial structure and the lack of any distinguishing features that would suggest they are different people, it is reasonable to conclude that these two images depict the same person. Therefore, the answer is Yes.",13.543,2026-08-11T16:05:30Z,False,
27,Caucasian,/kaggle/input/datasets/chidroopakanaparthy/rfw-clean-400x400/data/Caucasian/m.022k9k/m.022k9k_0002.jpg,/kaggle/input/datasets/chidroopakanaparthy/rfw-clean-400x400/data/Caucasian/m.022k9k/m.022k9k_0003.jpg,genuine,1,Look at these two face images. Do they show the same person? Give your answer (Same Person / Different People) and then explain the specific facial features that support your conclusion.Answer with Yes or No and provide a brief reason.,"Yes, Same Person

The two images show the same person based on the consistent facial features such as the bald head, prominent nose, and the overall facial structure. The slight differences in expression and the angle of the photos do not change the identity of the individual.",4.405,2026-08-11T16:05:43Z,False,
27,Caucasian,/kaggle/input/datasets/chidroopakanaparthy/rfw-clean-400x400/data/Caucasian/m.022k9k/m.022k9k_0002.jpg,/kaggle/input/datasets/chidroopakanaparthy/rfw-clean-400x400/data/Caucasian/m.022k9k/m.022k9k_0003.jpg,genuine,2,"Look carefully at Image 1 and Image 2. Step 1: Describe the key facial features you observe in each image (e.g. face shape, eye region, nose, mouth, skin tone, hair). Step 2: Compare the features across both images and note similarities and differences. Step 3: Based on your analysis, decide whether the two faces belong to the same person and state your final answer as Yes or No.","Step 1: In Image 1, the individual has a bald head with prominent forehead wrinkles, a straight nose, and a closed mouth with a slight smile. The skin appears to be light-toned. In Image 2, the individual also has a bald head, similar forehead wrinkles, a straight nose, and a closed mouth with a slight smile. The skin tone is consistent with the first image.

Step 2: Both images show the same individual with identical facial features such as the bald head, straight nose, and closed mouth with a slight smile. The skin tone and texture appear consistent between the two images.

Step 3: Based on the consistent facial features and skin tone, it can be concluded that the two faces belong to the same person. Final Answer: Yes.",12.176,2026-08-11T16:05:48Z,False,
28,Caucasian,/kaggle/input/datasets/chidroopakanaparthy/rfw-clean-400x400/data/Caucasian/m.0c9f3p/m.0c9f3p_0001.jpg,/kaggle/input/datasets/chidroopakanaparthy/rfw-clean-400x400/data/Caucasian/m.0c9f3p/m.0c9f3p_0003.jpg,genuine,1,Look at these two face images. Do they show the same person? Give your answer (Same Person / Different People) and then explain the specific facial features that support your conclusion.Answer with Yes or No and provide a brief reason.,"Yes, Same Person

The two images share several consistent facial features such as the glasses, the beard, and the overall facial structure, which strongly suggest that they depict the same individual.",3.273,2026-08-11T16:06:00Z,False,
28,Caucasian,/kaggle/input/datasets/chidroopakanaparthy/rfw-clean-400x400/data/Caucasian/m.0c9f3p/m.0c9f3p_0001.jpg,/kaggle/input/datasets/chidroopakanaparthy/rfw-clean-400x400/data/Caucasian/m.0c9f3p/m.0c9f3p_0003.jpg,genuine,2,"Look carefully at Image 1 and Image 2. Step 1: Describe the key facial features you observe in each image (e.g. face shape, eye region, nose, mouth, skin tone, hair). Step 2: Compare the features across both images and note similarities and differences. Step 3: Based on your analysis, decide whether the two faces belong to the same person and state your final answer as Yes or No.","Step 1: In Image 1, the individual has a round face with prominent cheekbones, a large nose, and a full beard and mustache. The eyes appear to be slightly sunken, and the skin tone is light. The hair is white and appears to be long and wavy.

In Image 2, the individual also has a round face with a large nose and a full beard and mustache. The eyes seem to have a similar appearance, and the skin tone is light. The hair is white and appears to be long and wavy, similar to Image 1.

Step 2: Both images share the same facial features such as the round face, large nose, full beard, and white, wavy hair. The eye region and skin tone also appear consistent between the two images.

Step 3: Based on the consistent facial features observed in both images, it can be concluded that these two faces belong to the same person. Final Answer: Yes.",15.108,2026-08-11T16:06:03Z,False,
29,Caucasian,/kaggle/input/datasets/chidroopakanaparthy/rfw-clean-400x400/data/Caucasian/m.05vv58n/m.05vv58n_0001.jpg,/kaggle/input/datasets/chidroopakanaparthy/rfw-clean-400x400/data/Caucasian/m.066063m/m.066063m_0002.jpg,impostor,1,Look at these two face images. Do they show the same person? Give your answer (Same Person / Different People) and then explain the specific facial features that support your conclusion.Answer with Yes or No and provide a brief reason.,"No

The two images do not show the same person. The first image is of an adult woman, while the second image is of a young boy. The age difference and the distinct facial features such as hairstyle, facial structure, and overall appearance clearly indicate that these are different people.",4.702,2026-08-11T16:06:19Z,False,
29,Caucasian,/kaggle/input/datasets/chidroopakanaparthy/rfw-clean-400x400/data/Caucasian/m.05vv58n/m.05vv58n_0001.jpg,/kaggle/input/datasets/chidroopakanaparthy/rfw-clean-400x400/data/Caucasian/m.066063m/m.066063m_0002.jpg,impostor,2,"Look carefully at Image 1 and Image 2. Step 1: Describe the key facial features you observe in each image (e.g. face shape, eye region, nose, mouth, skin tone, hair). Step 2: Compare the features across both images and note similarities and differences. Step 3: Based on your analysis, decide whether the two faces belong to the same person and state your final answer as Yes or No.","Step 1: In Image 1, the individual has a fair complexion with a straight nose, medium-sized eyes, and a neutral expression. The hair is light-colored and styled in a way that frames the face. In Image 2, the individual also has a fair complexion, but their eyes appear larger and more expressive, with a noticeable gap between the front teeth. The hair is light brown and falls around the face.

Step 2: Both individuals share a fair complexion and light hair color. However, there are differences in the size of the eyes, the presence of a gap in the teeth, and the overall expression. The first individual appears more serious, while the second one seems to be smiling.

Step 3: Based on the differences observed in the facial features, such as the gap in the teeth and the expression, it is unlikely that these two images depict the same person. Therefore, the answer is No.",14.427,2026-08-11T16:06:23Z,False,
30,Caucasian,/kaggle/input/datasets/chidroopakanaparthy/rfw-clean-400x400/data/Caucasian/m.013xhr/m.013xhr_0002.jpg,/kaggle/input/datasets/chidroopakanaparthy/rfw-clean-400x400/data/Caucasian/m.09w_st/m.09w_st_0003.jpg,impostor,1,Look at these two face images. Do they show the same person? Give your answer (Same Person / Different People) and then explain the specific facial features that support your conclusion.Answer with Yes or No and provide a brief reason.,"No, the two images do not show the same person. The first image shows a man with white hair and glasses, while the second image shows a man with curly brown hair. These distinct differences in hair color and style suggest that the individuals are different people.",4.334,2026-08-11T16:06:38Z,False,
30,Caucasian,/kaggle/input/datasets/chidroopakanaparthy/rfw-clean-400x400/data/Caucasian/m.013xhr/m.013xhr_0002.jpg,/kaggle/input/datasets/chidroopakanaparthy/rfw-clean-400x400/data/Caucasian/m.09w_st/m.09w_st_0003.jpg,impostor,2,"Look carefully at Image 1 and Image 2. Step 1: Describe the key facial features you observe in each image (e.g. face shape, eye region, nose, mouth, skin tone, hair). Step 2: Compare the features across both images and note similarities and differences. Step 3: Based on your analysis, decide whether the two faces belong to the same person and state your final answer as Yes or No.","Step 1: In Image 1, the individual has a fair complexion, light-colored hair, and is wearing glasses with a thin frame. The eyes appear bright and alert, and the mouth is slightly open in a smile. The nose is prominent and straight.

In Image 2, the individual also has a fair complexion but with darker, curly hair. The eyes are less visible due to the angle of the photo, but they seem to be looking upwards. The nose appears similar in shape to the first individual, and the mouth is closed.

Step 2: Both individuals share a fair complexion and a similar nose structure. However, there are noticeable differences in their hair color and texture, as well as the way they are wearing their glasses. The expressions and angles of the photos are different, which may affect the perception of the overall appearance.

Step 3: Based on the differences observed, it is unlikely that these two images depict the same person. Therefore, my final answer is No.",15.241,2026-08-11T16:06:42Z,False,
31,Indian,/kaggle/input/datasets/chidroopakanaparthy/rfw-clean-400x400/data/Indian/m.03cww4l/m.03cww4l_0002.jpg,/kaggle/input/datasets/chidroopakanaparthy/rfw-clean-400x400/data/Indian/m.03cww4l/m.03cww4l_0001.jpg,genuine,1,Look at these two face images. Do they show the same person? Give your answer (Same Person / Different People) and then explain the specific facial features that support your conclusion.Answer with Yes or No and provide a brief reason.,"Yes, Same Person

The two images share several common facial features such as the shape of the eyes, the nose, and the mouth. Additionally, both images appear to be of the same individual wearing traditional Indian attire, which includes a bindi on the forehead, suggesting they are likely the same person captured in different moments or settings.",5.421,2026-08-11T16:06:58Z,False,
31,Indian,/kaggle/input/datasets/chidroopakanaparthy/rfw-clean-400x400/data/Indian/m.03cww4l/m.03cww4l_0002.jpg,/kaggle/input/datasets/chidroopakanaparthy/rfw-clean-400x400/data/Indian/m.03cww4l/m.03cww4l_0001.jpg,genuine,2,"Look carefully at Image 1 and Image 2. Step 1: Describe the key facial features you observe in each image (e.g. face shape, eye region, nose, mouth, skin tone, hair). Step 2: Compare the features across both images and note similarities and differences. Step 3: Based on your analysis, decide whether the two faces belong to the same person and state your final answer as Yes or No.","Step 1: In Image 1, the individual has a rounded face with a prominent forehead, large expressive eyes, a straight nose, and a closed mouth. The skin appears smooth, and the hair is dark and long, falling over one shoulder. There's a bindi on the forehead.

In Image 2, the individual also has a rounded face, large expressive eyes, a straight nose, and a closed mouth. The skin tone seems similar to that of Image 1, and the hair is styled in a bun, with some strands framing the face. The individual is wearing earrings and there’s a veil partially covering the face.

Step 2: Both images share the same facial structure, including the round face shape, large eyes, straight nose, and closed mouth. The skin tone and hair color appear consistent between the two images. The bindi in Image 1 and the earrings in Image 2 suggest personal adornments but do not change the core facial features.

Step 3: Based on the consistent facial features and the similarity in overall appearance, it can be concluded that the two faces likely belong to the same person. Therefore, the answer is Yes.",17.929,2026-08-11T16:07:03Z,False,
32,Indian,/kaggle/input/datasets/chidroopakanaparthy/rfw-clean-400x400/data/Indian/m.02qtcq/m.02qtcq_0004.jpg,/kaggle/input/datasets/chidroopakanaparthy/rfw-clean-400x400/data/Indian/m.0gklgjj/m.0gklgjj_0005.jpg,impostor,1,Look at these two face images. Do they show the same person? Give your answer (Same Person / Different People) and then explain the specific facial features that support your conclusion.Answer with Yes or No and provide a brief reason.,"Yes, Same Person

The two images appear to show the same person based on the similar facial structure, including the shape of the nose, the position of the eyes, and the overall contour of the face. The slight differences in expression and the presence of glasses in one image do not change the fundamental identity of the individual.",5.274,2026-08-11T16:07:21Z,False,
32,Indian,/kaggle/input/datasets/chidroopakanaparthy/rfw-clean-400x400/data/Indian/m.02qtcq/m.02qtcq_0004.jpg,/kaggle/input/datasets/chidroopakanaparthy/rfw-clean-400x400/data/Indian/m.0gklgjj/m.0gklgjj_0005.jpg,impostor,2,"Look carefully at Image 1 and Image 2. Step 1: Describe the key facial features you observe in each image (e.g. face shape, eye region, nose, mouth, skin tone, hair). Step 2: Compare the features across both images and note similarities and differences. Step 3: Based on your analysis, decide whether the two faces belong to the same person and state your final answer as Yes or No.","Step 1: In Image 1, the individual has a broad forehead, prominent cheekbones, and a square jawline. The eyes appear to be slightly sunken, and the nose is large with a wide base. The mouth is closed, and the skin appears to have some wrinkles, suggesting age. The hair is short and dark.

In Image 2, the individual also has a broad forehead but with less pronounced cheekbones. The nose is smaller compared to the first image, and the eyes are more open and expressive. The mouth is also more open, revealing teeth, and the skin shows signs of aging with visible wrinkles. The hair is longer and appears to be lighter in color.

Step 2: Both individuals share a similar facial structure, particularly the broad forehead and square jawline. However, there are noticeable differences in the size and shape of the nose, the openness of the eyes, and the expression of the mouth. The skin tone and texture also seem consistent between the two images, indicating they might be from the same person.

Step 3: Based on the similarities in facial structure and skin characteristics, it is reasonable to conclude that these two images likely depict the same person. Therefore, my final answer is Yes.",18.861,2026-08-11T16:07:26Z,False,
33,Indian,/kaggle/input/datasets/chidroopakanaparthy/rfw-clean-400x400/data/Indian/m.0ddcnz4/m.0ddcnz4_0001.jpg,/kaggle/input/datasets/chidroopakanaparthy/rfw-clean-400x400/data/Indian/m.03mdk5/m.03mdk5_0004.jpg,impostor,1,Look at these two face images. Do they show the same person? Give your answer (Same Person / Different People) and then explain the specific facial features that support your conclusion.Answer with Yes or No and provide a brief reason.,"No, the two people in the images do not appear to be the same. The first image shows a man with short dark hair, a beard, and is wearing a pink shirt. The second image shows a different man who is bald, has glasses, and is wearing a blue shirt. The differences in hair style, facial hair, and clothing suggest that these are two different individuals.",6.123,2026-08-11T16:07:45Z,False,
33,Indian,/kaggle/input/datasets/chidroopakanaparthy/rfw-clean-400x400/data/Indian/m.0ddcnz4/m.0ddcnz4_0001.jpg,/kaggle/input/datasets/chidroopakanaparthy/rfw-clean-400x400/data/Indian/m.03mdk5/m.03mdk5_0004.jpg,impostor,2,"Look carefully at Image 1 and Image 2. Step 1: Describe the key facial features you observe in each image (e.g. face shape, eye region, nose, mouth, skin tone, hair). Step 2: Compare the features across both images and note similarities and differences. Step 3: Based on your analysis, decide whether the two faces belong to the same person and state your final answer as Yes or No.","Step 1: In Image 1, the individual has a rounded face with a prominent forehead, dark eyes, a medium-sized nose, and a full mouth with a beard and mustache. The skin appears to be of a darker complexion, and the hair is short and dark. In Image 2, the individual also has a rounded face, but with a bald head, glasses, and a white beard and mustache. The skin tone seems lighter compared to Image 1, and the nose is slightly larger.

Step 2: Both individuals share a similar face shape, which is rounded. However, there are noticeable differences in their hair styles, skin tones, and facial hair. The first individual has dark hair and a beard, while the second has a bald head and a white beard. The noses and mouths appear different in size and shape.

Step 3: Based on the differences observed in hair color, skin tone, and facial hair, it is unlikely that these two images depict the same person. Therefore, my final answer is No.",16.102,2026-08-11T16:07:51Z,False,
34,Indian,/kaggle/input/datasets/chidroopakanaparthy/rfw-clean-400x400/data/Indian/m.0drw8rf/m.0drw8rf_0003.jpg,/kaggle/input/datasets/chidroopakanaparthy/rfw-clean-400x400/data/Indian/m.04064_h/m.04064_h_0001.jpg,impostor,1,Look at these two face images. Do they show the same person? Give your answer (Same Person / Different People) and then explain the specific facial features that support your conclusion.Answer with Yes or No and provide a brief reason.,"Yes, Same Person

The two images share similar facial features such as the mustache, the shape of the nose, and the general structure of the face. The slight differences in hair color and style, along with the different clothing, suggest that these are two different moments of the same individual.",4.843,2026-08-11T16:08:08Z,False,
34,Indian,/kaggle/input/datasets/chidroopakanaparthy/rfw-clean-400x400/data/Indian/m.0drw8rf/m.0drw8rf_0003.jpg,/kaggle/input/datasets/chidroopakanaparthy/rfw-clean-400x400/data/Indian/m.04064_h/m.04064_h_0001.jpg,impostor,2,"Look carefully at Image 1 and Image 2. Step 1: Describe the key facial features you observe in each image (e.g. face shape, eye region, nose, mouth, skin tone, hair). Step 2: Compare the features across both images and note similarities and differences. Step 3: Based on your analysis, decide whether the two faces belong to the same person and state your final answer as Yes or No.","Step 1: In Image 1, the individual has a rounded face with a prominent mustache and a slightly open mouth. The skin appears to be medium-toned, and the hair is dark and curly. In Image 2, the individual also has a rounded face but with a more serious expression, wearing glasses, and a mustache. The skin tone seems similar, and the hair is dark and neatly combed.

Step 2: Both individuals share a similar facial structure, particularly the round face shape and the presence of a mustache. However, there are differences in their expressions; one is smiling while the other looks more serious. The hair styles and accessories (glasses) are different between the two images.

Step 3: Based on the similarities in facial structure and skin tone, it is reasonable to conclude that these two images could belong to the same person. However, without additional context or information, it cannot be definitively confirmed if they are the same person. Therefore, my answer is: **No**, based on the limited information available, I cannot conclusively determine if these are the same person.",17.198,2026-08-11T16:08:12Z,False,
35,Indian,/kaggle/input/datasets/chidroopakanaparthy/rfw-clean-400x400/data/Indian/m.04mxd7_/m.04mxd7__0004.jpg,/kaggle/input/datasets/chidroopakanaparthy/rfw-clean-400x400/data/Indian/m.04mxd7_/m.04mxd7__0001.jpg,genuine,1,Look at these two face images. Do they show the same person? Give your answer (Same Person / Different People) and then explain the specific facial features that support your conclusion.Answer with Yes or No and provide a brief reason.,"Yes, Same Person

The two images show the same person based on the consistent facial features such as the shape of the nose, the eyes, and the overall facial structure. The slight differences in clothing and background suggest different moments captured rather than different individuals.",4.247,2026-08-11T16:08:30Z,False,
35,Indian,/kaggle/input/datasets/chidroopakanaparthy/rfw-clean-400x400/data/Indian/m.04mxd7_/m.04mxd7__0004.jpg,/kaggle/input/datasets/chidroopakanaparthy/rfw-clean-400x400/data/Indian/m.04mxd7_/m.04mxd7__0001.jpg,genuine,2,"Look carefully at Image 1 and Image 2. Step 1: Describe the key facial features you observe in each image (e.g. face shape, eye region, nose, mouth, skin tone, hair). Step 2: Compare the features across both images and note similarities and differences. Step 3: Based on your analysis, decide whether the two faces belong to the same person and state your final answer as Yes or No.","Step 1: In Image 1, the individual has a round face with a prominent forehead, dark eyes, a straight nose, and a closed mouth. The skin appears to be fair, and there is no visible hair. In Image 2, the individual also has a round face, dark eyes, a straight nose, and a closed mouth. The skin tone seems similar to that of Image 1, and again, there is no visible hair.

Step 2: Both images share the same facial features such as the round face, dark eyes, straight nose, and closed mouth. The skin tone and lack of hair are consistent between the two images. The only difference is the clothing; one is wearing a dark shirt in Image 1 and a plaid shirt in Image 2.

Step 3: Based on the consistent facial features and the lack of any significant differences, it can be concluded that these two images depict the same person. 

Final Answer: Yes.",15.017,2026-08-11T16:08:34Z,False,
36,Indian,/kaggle/input/datasets/chidroopakanaparthy/rfw-clean-400x400/data/Indian/m.05f5dtv/m.05f5dtv_0002.jpg,/kaggle/input/datasets/chidroopakanaparthy/rfw-clean-400x400/data/Indian/m.0c_fcj/m.0c_fcj_0001.jpg,impostor,1,Look at these two face images. Do they show the same person? Give your answer (Same Person / Different People) and then explain the specific facial features that support your conclusion.Answer with Yes or No and provide a brief reason.,"No

The first image shows a woman wearing traditional Indian attire, including a headpiece and jewelry, while the second image shows an older man with glasses and a bald head. The differences in gender, age, and attire suggest that these are different people.",4.255,2026-08-11T16:08:49Z,False,
36,Indian,/kaggle/input/datasets/chidroopakanaparthy/rfw-clean-400x400/data/Indian/m.05f5dtv/m.05f5dtv_0002.jpg,/kaggle/input/datasets/chidroopakanaparthy/rfw-clean-400x400/data/Indian/m.0c_fcj/m.0c_fcj_0001.jpg,impostor,2,"Look carefully at Image 1 and Image 2. Step 1: Describe the key facial features you observe in each image (e.g. face shape, eye region, nose, mouth, skin tone, hair). Step 2: Compare the features across both images and note similarities and differences. Step 3: Based on your analysis, decide whether the two faces belong to the same person and state your final answer as Yes or No.","Step 1: In Image 1, the individual has a rounded face with a prominent forehead adorned with a decorative headpiece featuring jewels. The eyes appear to be almond-shaped, and the nose is straight with a medium width. The lips are full and slightly parted. The skin appears fair, and there's no visible hair.

In Image 2, the individual has a more angular face with a bald head and a small tuft of white hair on the forehead. The eyes are large and dark, and the nose is narrow and pointed. The lips are thin and closed. The skin appears light, and the individual wears glasses.

Step 2: The key differences between the two images are the presence of a headpiece and jewelry in Image 1, which is not present in Image 2. The face shapes differ, with Image 1 having a rounded face and Image 2 having a more angular one. The expressions also seem different; Image 1 has a slight smile, while Image 2 has a neutral expression.

Step 3: Based on the distinct differences in facial features, such as the presence of a headpiece, the shape of the face, and the overall appearance, it is unlikely that these two images depict the same person. Therefore, the answer is No.",19.592,2026-08-11T16:08:53Z,False,
37,Indian,/kaggle/input/datasets/chidroopakanaparthy/rfw-clean-400x400/data/Indian/m.086zzh/m.086zzh_0001.jpg,/kaggle/input/datasets/chidroopakanaparthy/rfw-clean-400x400/data/Indian/m.086zzh/m.086zzh_0002.jpg,genuine,1,Look at these two face images. Do they show the same person? Give your answer (Same Person / Different People) and then explain the specific facial features that support your conclusion.Answer with Yes or No and provide a brief reason.,"Yes, Same Person

The two images appear to show the same person based on the consistent facial features such as the shape of the nose, the eyes, and the overall facial structure. The slight differences in expression and accessories like the bindi and sunglasses do not change the core identity of the individual.",4.899,2026-08-11T16:09:13Z,False,
37,Indian,/kaggle/input/datasets/chidroopakanaparthy/rfw-clean-400x400/data/Indian/m.086zzh/m.086zzh_0001.jpg,/kaggle/input/datasets/chidroopakanaparthy/rfw-clean-400x400/data/Indian/m.086zzh/m.086zzh_0002.jpg,genuine,2,"Look carefully at Image 1 and Image 2. Step 1: Describe the key facial features you observe in each image (e.g. face shape, eye region, nose, mouth, skin tone, hair). Step 2: Compare the features across both images and note similarities and differences. Step 3: Based on your analysis, decide whether the two faces belong to the same person and state your final answer as Yes or No.","Step 1: In Image 1, the individual has a rounded face with a prominent forehead, medium-sized eyes, a straight nose, and a closed mouth. The skin appears fair, and there is a red bindi on the forehead. The hair is dark and pulled back. In Image 2, the individual also has a rounded face, medium-sized eyes, a straight nose, and a wide smile revealing teeth. The skin tone seems slightly darker than in Image 1, and the hair is also dark but styled differently, with sunglasses resting on top of it.

Step 2: Both individuals share similar facial features such as the round face shape, medium-sized eyes, and straight nose. However, there are noticeable differences in skin tone, with Image 2 appearing darker, and the presence of sunglasses in Image 2 that are not present in Image 1. The bindi in Image 1 is a distinct feature not seen in Image 2.

Step 3: Based on the analysis, the two faces do not appear to belong to the same person due to the differences in skin tone, the presence of the bindi, and the different hairstyles. Therefore, the answer is No.",18.348,2026-08-11T16:09:18Z,False,
38,Indian,/kaggle/input/datasets/chidroopakanaparthy/rfw-clean-400x400/data/Indian/m.04q699/m.04q699_0002.jpg,/kaggle/input/datasets/chidroopakanaparthy/rfw-clean-400x400/data/Indian/m.04q699/m.04q699_0004.jpg,genuine,1,Look at these two face images. Do they show the same person? Give your answer (Same Person / Different People) and then explain the specific facial features that support your conclusion.Answer with Yes or No and provide a brief reason.,"Yes, Same Person

The two images appear to show the same person based on the consistent facial features such as the shape of the nose, the eyes, and the overall structure of the face. The slight differences in hair color and the background suggest that these might be different photos of the same individual taken at different times or in different settings.",5.48,2026-08-11T16:09:36Z,False,
38,Indian,/kaggle/input/datasets/chidroopakanaparthy/rfw-clean-400x400/data/Indian/m.04q699/m.04q699_0002.jpg,/kaggle/input/datasets/chidroopakanaparthy/rfw-clean-400x400/data/Indian/m.04q699/m.04q699_0004.jpg,genuine,2,"Look carefully at Image 1 and Image 2. Step 1: Describe the key facial features you observe in each image (e.g. face shape, eye region, nose, mouth, skin tone, hair). Step 2: Compare the features across both images and note similarities and differences. Step 3: Based on your analysis, decide whether the two faces belong to the same person and state your final answer as Yes or No.","Step 1: Observations of Key Facial Features:
- **Image 1:** The individual has a rounded face with a prominent forehead, deep-set eyes, a straight nose, and a closed mouth. The skin appears light-colored, and the hair is gray and receding.
- **Image 2:** This individual also has a rounded face, deep-set eyes, a straight nose, and a closed mouth. The skin tone is lighter, and the hair is white and thinning.

Step 2: Comparing Features:
- Both individuals share similar facial structures, including the round face shape, deep-set eyes, straight nose, and closed mouth.
- The skin tones appear similar, although one is slightly lighter than the other.
- The hair color and texture are different; one has gray hair while the other has white hair.

Step 3: Decision:
Based on the similarities in facial structure and the overall appearance, it is reasonable to conclude that these two images depict the same person. The differences in hair color and slight variations in skin tone could be due to aging or lighting conditions during the photoshoots. Therefore, my final answer is:

Yes, the two faces likely belong to the same person.",18.432,2026-08-11T16:09:42Z,False,
39,Indian,/kaggle/input/datasets/chidroopakanaparthy/rfw-clean-400x400/data/Indian/m.05yvfd/m.05yvfd_0002.jpg,/kaggle/input/datasets/chidroopakanaparthy/rfw-clean-400x400/data/Indian/m.0c3vdd3/m.0c3vdd3_0003.jpg,impostor,1,Look at these two face images. Do they show the same person? Give your answer (Same Person / Different People) and then explain the specific facial features that support your conclusion.Answer with Yes or No and provide a brief reason.,"No

The two images do not show the same person. The first image shows a man with long hair, a beard, and wearing sunglasses, while the second image shows a different man with short hair, no beard, and dressed in formal attire. These distinct differences in appearance indicate that the individuals are different people.",5.113,2026-08-11T16:10:00Z,False,
39,Indian,/kaggle/input/datasets/chidroopakanaparthy/rfw-clean-400x400/data/Indian/m.05yvfd/m.05yvfd_0002.jpg,/kaggle/input/datasets/chidroopakanaparthy/rfw-clean-400x400/data/Indian/m.0c3vdd3/m.0c3vdd3_0003.jpg,impostor,2,"Look carefully at Image 1 and Image 2. Step 1: Describe the key facial features you observe in each image (e.g. face shape, eye region, nose, mouth, skin tone, hair). Step 2: Compare the features across both images and note similarities and differences. Step 3: Based on your analysis, decide whether the two faces belong to the same person and state your final answer as Yes or No.","Step 1: In Image 1, the individual has a round face with a prominent forehead, thick eyebrows, and a straight nose. The eyes are partially covered by sunglasses, but they appear to be of medium size. The lips are full, and the skin appears to have a light complexion. The hair is long, wavy, and dark.

In Image 2, the individual also has a round face with a prominent forehead, thick eyebrows, and a straight nose. The eyes are visible and appear to be of medium size. The lips are full, and the skin appears to have a light complexion. The hair is short, dark, and neatly combed.

Step 2: Both individuals share similar facial features such as the round face shape, prominent foreheads, thick eyebrows, straight noses, and full lips. The skin tone seems consistent between the two images. However, there are differences in hair length and style; one has long, wavy hair, while the other has short, dark hair.

Step 3: Based on the similarities in facial features and skin tone, it is reasonable to conclude that these two images likely depict the same person. Therefore, my final answer is Yes.",18.39,2026-08-11T16:10:05Z,False,
40,Indian,/kaggle/input/datasets/chidroopakanaparthy/rfw-clean-400x400/data/Indian/m.0gcxms6/m.0gcxms6_0004.jpg,/kaggle/input/datasets/chidroopakanaparthy/rfw-clean-400x400/data/Indian/m.0gcxms6/m.0gcxms6_0005.jpg,genuine,1,Look at these two face images. Do they show the same person? Give your answer (Same Person / Different People) and then explain the specific facial features that support your conclusion.Answer with Yes or No and provide a brief reason.,"Yes, Same Person

The two images share similar facial features such as the shape of the eyes, nose, and mouth, as well as the overall structure of the face. The slight differences in hair color and style, along with the presence of sunglasses in one image, do not change the core identity of the individual.",5.231,2026-08-11T16:10:24Z,False,
40,Indian,/kaggle/input/datasets/chidroopakanaparthy/rfw-clean-400x400/data/Indian/m.0gcxms6/m.0gcxms6_0004.jpg,/kaggle/input/datasets/chidroopakanaparthy/rfw-clean-400x400/data/Indian/m.0gcxms6/m.0gcxms6_0005.jpg,genuine,2,"Look carefully at Image 1 and Image 2. Step 1: Describe the key facial features you observe in each image (e.g. face shape, eye region, nose, mouth, skin tone, hair). Step 2: Compare the features across both images and note similarities and differences. Step 3: Based on your analysis, decide whether the two faces belong to the same person and state your final answer as Yes or No.","Step 1: In Image 1, the individual has a medium-sized, oval-shaped face with a straight nose, dark eyes, and a light complexion. The hair is short and dark. In Image 2, the individual also has a medium-sized, oval-shaped face with a straight nose, dark eyes, and a light complexion. The hair appears slightly longer and darker than in Image 1.

Step 2: Both individuals share similar facial features such as the face shape, nose structure, eye color, and skin tone. However, there are slight differences in the length and texture of their hair.

Step 3: Based on the similarities in facial features and the lack of significant differences, it is reasonable to conclude that these two images depict the same person. Therefore, my final answer is Yes.",12.461,2026-08-11T16:10:29Z,False,
