Race,Model,Prompt_Variant,Accuracy,TPR,FPR,TNR,N_pairs,N_genuine,N_impostor
African,LLaVA-NeXT-Mistral-7B,All,0.5,0.75,0.75,0.25,120,60,60
Asian,LLaVA-NeXT-Mistral-7B,All,0.5042,0.8475,0.8333,0.1667,119,59,60
Caucasian,LLaVA-NeXT-Mistral-7B,All,0.4667,0.8333,0.9,0.1,120,60,60
Indian,LLaVA-NeXT-Mistral-7B,All,0.6167,0.8667,0.6333,0.3667,120,60,60
African,LLaVA-NeXT-Mistral-7B,V1: direct_feature_comparison,0.5167,0.8333,0.8,0.2,60,30,30
Asian,LLaVA-NeXT-Mistral-7B,V1: direct_feature_comparison,0.5,0.8333,0.8333,0.1667,60,30,30
Caucasian,LLaVA-NeXT-Mistral-7B,V1: direct_feature_comparison,0.4833,0.8333,0.8667,0.1333,60,30,30
Indian,LLaVA-NeXT-Mistral-7B,V1: direct_feature_comparison,0.6,0.9,0.7,0.3,60,30,30
African,LLaVA-NeXT-Mistral-7B,V2: chain_of_thought,0.4833,0.6667,0.7,0.3,60,30,30
Asian,LLaVA-NeXT-Mistral-7B,V2: chain_of_thought,0.5085,0.8621,0.8333,0.1667,59,29,30
Caucasian,LLaVA-NeXT-Mistral-7B,V2: chain_of_thought,0.45,0.8333,0.9333,0.0667,60,30,30
Indian,LLaVA-NeXT-Mistral-7B,V2: chain_of_thought,0.6333,0.8333,0.5667,0.4333,60,30,30
African,Qwen2.5-VL-7B-Instruct,All,0.55,0.9333,0.8333,0.1667,120,60,60
Asian,Qwen2.5-VL-7B-Instruct,All,0.675,0.9333,0.5833,0.4167,120,60,60
Caucasian,Qwen2.5-VL-7B-Instruct,All,0.7083,0.8667,0.45,0.55,120,60,60
Indian,Qwen2.5-VL-7B-Instruct,All,0.675,0.8833,0.5333,0.4667,120,60,60
African,Qwen2.5-VL-7B-Instruct,V1: direct_feature_comparison,0.5333,1.0,0.9333,0.0667,60,30,30
Asian,Qwen2.5-VL-7B-Instruct,V1: direct_feature_comparison,0.5667,0.9667,0.8333,0.1667,60,30,30
Caucasian,Qwen2.5-VL-7B-Instruct,V1: direct_feature_comparison,0.6667,0.9667,0.6333,0.3667,60,30,30
Indian,Qwen2.5-VL-7B-Instruct,V1: direct_feature_comparison,0.65,1.0,0.7,0.3,60,30,30
African,Qwen2.5-VL-7B-Instruct,V2: chain_of_thought,0.5667,0.8667,0.7333,0.2667,60,30,30
Asian,Qwen2.5-VL-7B-Instruct,V2: chain_of_thought,0.7833,0.9,0.3333,0.6667,60,30,30
Caucasian,Qwen2.5-VL-7B-Instruct,V2: chain_of_thought,0.75,0.7667,0.2667,0.7333,60,30,30
Indian,Qwen2.5-VL-7B-Instruct,V2: chain_of_thought,0.7,0.7667,0.3667,0.6333,60,30,30
